Column1,Column2,Column3,Column4,Column5,Column6,Column7,Column8,Column9,Column10,Column11
name,website,city,street,amenity,email,phone,name:en,opening_hours,latitude,longitude
Muzej na sovremenata umetnost,https://msu.mk/home/,Skopje,Самоилова,museum,msu-info@msuskopje.org.mk,+389 2 3117734,Contemporary Art Museum of Macedonia,Tu-Sa 10:00-15:00; Su 09:00-13:00,42.0040225,21.4329048
Amerikansko katche Makedonija,https://www.acmacedonia.org/,Skopje,Булевар Гоце Делчев,library,acskopje@yahoo.com,+389 2 3120020,American Corner Macedonia,Mo-Fr 10:00-20:00; Sa 11:00-16:00,41.9980573,21.4397823
Spomen kukja na Majka Tereza,http://www.memorialhouseofmotherteresa.org/,Skopje,Македонија,museum,info@memorialhouseofmotherteresa.org,+389 2 3290674,Memorial House of Mother Teresa,Mo-Fr 09:00-20:00; Sa-Su 09:00-14:00,41.9938305,21.430859
Muzej na makedonskata borba,http://mmb.org.mk/w/,Skopje,11 Март,museum,mmb@mmb.org.mk,+389 2 3256 667,Museum of the Macedonian struggle,Tu-Su 10:00-18:00,41.9979845,21.433132
Nacionalna galerija „Daut-pashin amam“,https://nationalgallery.mk/,Skopje,,museum,contact@nationalgallery.mk,+389 2 3133102,Daut Pasha Hamam National Gallery,Tu-Su 10:00-18:00,41.9987239,21.4357236
Memorijalen centar na holokaustot na Evreite od Makedonija,https://www.holocaustfund.org/,Skopje,Самоилова,museum,info@holocaustfund.org.mk,+389 2 3122697,Holocaust Memorial Center for the Jews of Macedonia,,41.9984656,21.4333832
Naum Naumoski-Borche,,Krushevo,Коча Миленку,library,valentintaseski@gmail.com;nn.borce@yahoo.com,+38948477101;+38976265605,Naum Naumoski-Borche,Mo-Sa 08:30-16:30,41.3669471,21.2488978
Gralska biblioteka brakja miladinovci Skopje,https://www.gbsk.mk/,Skopje,Булевар Партизански Одреди,library,biblmiladinovci@gbiblsk.edu.mk,+389 2 3162 544,,,41.9997606,21.4201783
Galerija RA,,Skopje,Војвода Васил Чакаларов,museum,galerija.ra@gmail.com,+389075435402,Gallery RA,Mo-Sa 10:00-20:00,41.9989569,21.3865879
Stobi,http://www.stobi.mk,Negotino,,archaeological_site,contact@stobi.mk,+389 75 210 752,Stobi,Mo-Sa 08:00-16:00,41.5520256,21.9734409
Etnorestoran „Markov manastir“ - Mario,https://regentclub.com.mk/,Skopje,,monastery,,+38978341484,"Etnorestoran ""Marko Manastir"" - Mario",Tu-Su 11:00-23:00; Mo Closed,41.9069237,21.4138473
Muzej na Grad Skopje,http://www.mgs.org.mk/,Skopje,,museum,,+389 2 3114742,Museum of the City of Skopje,,41.9909145,21.4290087
Muzej,https://www.muzejprilep.org.mk,Prilep,Александар Македонски,museum,,,Museum,,41.342827,21.5593935
Muzej na Ilindenskoto vostanie i Krushevskata Republika,,Krushevo,Димитар Бербероски - Таќа Бербер,museum,,+38970619597;+38970356621,Museum of the Ilinden Uprising and the Republic of Krushevo,,41.3690527,21.2453034
Bigorski Manastir,https://bigorski.org.mk,Debar,,monastery,info@bigorski.org.mk,+389 (0) 42 333 399,,,41.6207798,20.6094915
Kukja na Robevci,http://muzejohrid.mk/en/house-of-robev-family,Ohrid,Цар Самоил,museum,,,Robev Family House,Tu-Su 09:00-14:00,41.112361,20.7961416
Learnica,,Krushevo,Тома Никлев,museum,,+38970356621;+38975202123,Foundry,,41.3721718,21.2466584
Biblioteka „Brakja Miladinovci“ - Karposh,,Skopje,Иван Аговски,library,,,"Library ""Miladinovci Brothers"" - Karposh",Mo-Fr 08:00-19:00; Sa;Su off,42.0027424,21.4120526
Arheoloshki muzej na Makedonija,,Skopje,,museum,,,Archaeological Museum of Macedonia,Tu-Su 10:00-18:00,41.9968594,21.4344917
Muzej na Bitola,,Bitola,Св. Климент Охридски,museum,,,Museum of Bitola,,41.023837,21.3356596
Dom na kultura 25 Maj,,Makedonski Brod,Партизанска,library,,,Dom Na Kultura 25 Maj,,41.5097744,21.2168495
Memorijalen muzej Naroden heroj Kuzman Josifoski-Pitu,,Prilep,Мара Јосифоска-Ѓурѓа,museum,,,People's hero Kuzman Josifoski-Pitu Memorial museum,,41.3425255,21.5597309
Nacionalna i univerzitetska biblioteka,,Skopje,Булевар Гоце Делчев,library,,,National and University Library,,41.9979496,21.439345
Borka Taleski-Modernoto,,Prilep,Кузман Јосифоски-Питу,library,,,Borka Taleski-Modernoto,,41.3455026,21.5504039
Gradska biblioteka Iskra,,Kochani,Маршал Тито,library,,,Gradska biblioteka Iskra,,41.9194025,22.4099434
Muzej na Makedonija,,Skopje,Прохор Пчински,museum,,,Museum of Macedonia,,42.0026676,21.4362139
Germanska chitalnica,,Skopje,Булевар Гоце Делчев,library,,,,Mo; We; Fr 11:00-14:30; Tu; Th 12:00-18:00; Sa 11:00-15:00,41.9981313,21.4393671
Crkva Sveti Nikola - Aerodrom,,Skopje,Булевар Србија,church,,,Saint Nicholas,,41.9837948,21.4714523
Crkva Sveti Dimitrij,,Kriva Palanka,Jane Sandanski,church,,,Chruch St. Dimitrij,,42.2022937,22.3357501
Katolichka crkva Presveto srce Isusovo,,Skopje,Петар Попарсов,church,,,Sacred Heart of Jesus,,41.9949542,21.4177825
NU Zavod za zashtita na spomenicite na kulturata i Muzej-Ohrid,http://muzejohrid.mk/en/,Ohrid,Боро Шаин,museum,,,Institute for Protection of Monuments of Culture and Museum-Ohrid,,41.1131718,20.7945858
Evangelsko Metodistichka Crkva,http://emc.mk/%D0%B7%D0%B0-%D0%BD%D0%B0%D1%81/,Strumica,Загребска,church,,,United Methodist Church,,41.4373198,22.6353267
Crkva „Sv. Apostoli Petar i Pavle“,,Skopje,Горно Лисиче,church,,,Saints Peter and Paul the Apostles Church,,41.9644772,21.4936632
Manastir Sv. Haralampie,,Kochani,,monastery,,,Saint Charalambos monastery,,41.9865034,22.4819287
Cocev Kamen,,Kratovo,,archaeological_site,,,Cocev Kamen,,42.0836218,21.9862589
City Museum,,Kriva Palanka,Sveti Joakim Osogovski,museum,,,,,42.2020133,22.3348959
Varoshki Manastir,,Prilep,,monastery,,,Monastery of Varosh,Mo-Sa 07:00-16:00,41.3602308,21.5342465
Hotel Manastir Sv. Joakim Osogovski,,Kriva Palanka,,monastery,,+38976499599,Hotel Manastir St. Joakim Osogovski,,42.2092075,22.3628114
Manastir Sv. Pantelejmon,,Skopje,,monastery,,,Monastery Sv. Pantelejmon,,41.976875,21.3744835
Manastirishte,,Krushevo,,monastery,,,Manastirishte,,41.3342536,21.2944459
Sv. Troica,,Shtip,Партизанска,monastery,,,,,41.764959,22.1992659
Muzej na grad Berovo,http://www.berovo.gov.mk/index.php?option=com_content&view=article&id=76&Itemid=117,Berovo,,museum,,,Berovo Town Museum,,41.7077548,22.8566138
Prirodonauchen Muzej,,Skopje,,museum,,,Macedonian Museum of Natural History,Tu-Su 09:00-16:00,42.005709,21.4174425
Manastirec,,Makedonski Brod,,monastery,,,Manastirec,,41.615915,21.20585
Manastirsko Dolenci,,Kichevo,,monastery,,,Manastirsko Dolenci,,41.4553299,20.9383949
Arhiv na grad Skopje,,Skopje,Московска,library,,,Skopje City Archives,,42.0030932,21.3907447
Nasoka: Muzej na Sovremena Umetnost kon Ostrovska,,Skopje,,museum,,,Direction: Museum of Modern Art to Ostrovska,Mo-Su 09:40-13:45,41.991065,21.4608009
Gorna Bela Crkva,,Resen,,church,,,Gorna Bela Crkva,,41.052604,21.0270859
Dolna Bela Crkva,,Resen,,church,,,Dolna Bela Crkva,,41.0407483,21.0530213
Manastir,,Prilep,,monastery,,,Manastir,,41.1665147,21.7278091
Sv. Kiril i Metodij,,Shtip,Крушевска Република,monastery,,,,,41.7584182,22.2049297
Bela Crkva,,Krushevo,,church,,,Bela Crkva,,41.2802009,21.3465334
Nasoka: Ostrovska kon Muzej na Sovremena Umetnost,,Skopje,,museum,,,Direction: Ostrovska to Museum of Modern Art,Mo-Su 09:00-13:05,41.9911049,21.460762
Crkva „Sveti Ilija„,,Ohrid,,church,,,Church of St. Elijah,,41.1827523,20.7990502
Zaliv na Koskite,,Ohrid,,museum,,,Bay of Bones,Tu-Su 09:00-16:15,40.9943571,20.798135
Crkva,,Prilep,,church,,,Crkva,,41.3094886,21.5148524
Spomen-kukja na Tatarchevi,,Resen,,museum,,,Tatarchev House,,41.0883715,21.0138121
Crkva Sv. Kiril i Metodij i Sv. Benedikt,,Ohrid,Партизанска,church,,,,,41.1109674,20.8047653
Evangelska crkva,,Skopje,Рузвелтова,church,,,,,41.9991208,21.4130556
Crkva Sv. Dimitrij,,Skopje,,church,,,Church of St. Demetrius,,41.998476,21.4343719
Crkva „Sveti Spas“,,Ohrid,,church,,+389 77 899 580,,,41.1817025,20.7932588
Moklishki Manastir,,Kavadarci,,monastery,,,Monastery of Moklishte,,41.3849637,22.0371547
Kukjata na Gjoshevi,,Prilep,,archaeological_site,,,House of Gjoshev,,41.3588123,21.5329048
Veprchanski Manastir,,Prilep,,monastery,,,Monastery of Veprchani,,41.2710192,21.7632365
Nikodinski Manastir,,Prilep,,monastery,,,Monastery of Nikodin,,41.4382231,21.7432732
Chanishki Manastir,,Prilep,,monastery,,,Monastery of Chanishte,,41.1587114,21.6864086
Severen Peshtanski Manastir,,Prilep,,monastery,,,North Peshtani's Monastery,,41.2865774,21.6704685
Istochen Peshtanski Manastir,,Prilep,,monastery,,,East Peshtani's Monastery,,41.2753836,21.6619357
Manastir Treskavec,,Prilep,,monastery,,,Monastery of Treskavec,,41.4038539,21.538239
Mariovski Manastir,,Prilep,,monastery,,,Monastery of Mariovo,,41.165019,21.7263832
Drenski Manastir,,Prilep,,monastery,,,Monastery of Dren,,41.3229712,21.7799888
Kokrenski Manastir,,Prilep,,monastery,,,Monastery of Kokre,,41.2928482,21.6345729
Mucheinci,,Demir Hisar,,archaeological_site,,,Mucheinci,,41.2017673,21.4000686
Volkovski Manastir,,Prilep,,monastery,,,Monastery of Volkovo,,41.304366,21.5658789
Trojachki Manastir,,Prilep,,monastery,,,Monastery of Trojaci,,41.3666135,21.7406418
Vrboechki Manastir,,Krushevo,,monastery,,,Monastery of Vrboec,,41.3346757,21.2937899
Spomen-dom Blazhe Koneski,,Prilep,,museum,,,Blazhe Koneski Memorial House,,41.4492955,21.5584325
Rozhdestvo na Presveta Bogorodica,,Resen,,monastery,,,Nativity of the Holy Mother of God,,40.9781132,21.1004642
Koshinski Manastir,,Makedonski Brod,,monastery,,,Monastery of Koshino,,41.4647099,21.293814
Melnichki Manastir,,Prilep,,monastery,,,Monastery of Melnica,,41.1636934,21.7811163
Ropotovski Manastir,,Makedonski Brod,,monastery,,,Monastery of Ropotovo,,41.46197,21.3755953
Star Leshochki Manastir,,Tetovo,,monastery,,,Old monastery of Leshok,,42.0702071,21.0270748
Nov Leshochki Manastir,,Tetovo,,monastery,,,New monastery of Leshok,,42.0670071,21.0277394
Manastirska Reka,,Resen,,monastery,,,Manastirska Reka,,41.0470098,21.1644871
Beshishki Manastir,,Prilep,,monastery,,,Monastery of Beshishte,,41.1161568,21.8048998
Lokovski Manastir,,Debar,,monastery,,,Monastery of Lokov,,41.3883737,20.656632
Lokvenski Manastir,,Krushevo,,monastery,,,Monastery of Lokveni,,41.4043464,21.2936021
Belopolski Manastir,,Prilep,,monastery,,,Monastery of Belo Pole,,41.413839,21.412587
Trstenichki Manastir,,Krushevo,,monastery,,,Monastery of Trstenik,,41.346308,21.2741608
Muzej na grad Delchevo,,Delchevo,,museum,,,City Museum,,41.9664768,22.7729986
Sv. Nikola,,Makedonski Brod,,archaeological_site,,,St. Nicholas,,41.5183903,21.3499992
Lisolajski Manastir,,Demir Hisar,,monastery,,,Monastery of Lisolaj,,41.1478465,21.3215278
Krklinski Manastir,,Bitola,,monastery,,,Monastery of Krklino,,41.0690873,21.3171552
Suvodolski Manastir,,Demir Hisar,,monastery,,,Monastery of Suvodol,,41.2066775,21.2454152
Sopotnichki Manastir,,Krushevo,,monastery,,,Monastery of Sopotnica,,41.3138764,21.1466731
Smilevski Manastir,,Demir Hisar,,monastery,,,Monastery of Smilevo,,41.1706956,21.1062322
Sloeshtichki Manastir,,Demir Hisar,,monastery,,,Monastery of Sloeshtica,,41.2848431,21.0921762
Staro Selo,,Bitola,,monastery,,,Staro Selo,,40.9633156,21.3507622
Dobromirovski Manastir,,Demir Hisar,,monastery,,,Monastery of Dobromirovo,,41.238575,21.1507339
Vardinski Manastir,,Demir Hisar,,monastery,,,Monastery of Vardino,,41.2349484,21.2513595
Manastir Sveti Gjorgji - Knezhino,,Kichevo,,monastery,,,,,41.5162167,20.9215121
Nebregovski Manastir,,Prilep,,monastery,,,Monastery of Nebregovo,,41.4618481,21.5711316
Drenovchanski Manastir,,Prilep,,monastery,,,Monastery of Drenovci,,41.4731221,21.544353
Gostirazhnenski Manastir,,Makedonski Brod,,monastery,,,Monastery of Gostirazhni,,41.5510956,21.440235
Lenishki Manastir,,Prilep,,monastery,,,Monastery of Lenishte,,41.3582823,21.627288
Slepchenski Manastir,,Demir Hisar,,monastery,,,Monastery of Slepche,,41.2265457,21.1509663
Zhurchanski Manastir,,Krushevo,,monastery,,,Monastery of Zhurche,,41.2961883,21.2532412
Velushinski Manastir,,Bitola,,monastery,,,Monastery of Velushina,,40.92782,21.3402743
Chagorski Manastir,,Demir Hisar,,monastery,,,Monastery of Chagor,,41.1910021,21.2568287
Budinarechki Manastir,,Bitola,,monastery,,,Monastery of Budinarci,,41.0371433,21.7430909
Novachki Manastir,,Bitola,,monastery,,,Monastery of Novaci,,41.0448131,21.4387026
Ezeranski Manastir,,Resen,,monastery,,,Monastery of Ezerani,,41.0094171,21.0103766
Podmochanski Manastir,,Resen,,monastery,,,Monastery of Podmochani,,41.0374119,21.0742597
Stiponski Manastir,,Resen,,monastery,,,Monastery of Stipona,,41.0553417,20.9615458
Kurshumli-an,,Skopje,,museum,,,,,42.0031164,21.4370445
Smolevski Manastir,,Bitola,,monastery,,,Monastery of Smolevo,,41.00838,21.3185968
Grncharski Manastir,,Resen,,monastery,,,Monastery of Grnchari,,41.0111621,21.0807151
Jankovechki Manastir,,Resen,,monastery,,,Monastery of Jankovec,,41.1105239,21.0021335
Shtrbovski Manastir,,Resen,,monastery,,,Monastery of Shtrbovo,,40.9340324,21.1208725
Kurbinovski manastir,,Resen,,monastery,,,Monastery of Kurbinovo,,40.9861486,21.0848442
Zrzeski Manastir,,Makedonski Brod,,monastery,,,Monastery of Zrze,,41.5212022,21.3414252
Maloilinski manastir,,Demir Hisar,,monastery,,,Monastery of Malo Ilino,,41.2932219,20.9804411
Star Selechki Manastir,,Prilep,,monastery,,,Old Monastery of Selce,,41.325515,21.5937551
Bolnenski Manastir,,Resen,,monastery,,,Monastery of Bolno,,41.0890924,20.9880701
Prilepechki Manastir,,Prilep,,monastery,,,Monastery of Prilepec,,41.2902067,21.5966952
Dovledzichki Manastir,,Bitola,,monastery,,,Monastery of Dovledzhik,,41.0358619,21.3022403
Brajchinski Manastir,,Bitola,,monastery,,,Monastery of Brajchino,,40.9054146,21.1683458
Drzhaven arhiv na Severna Makedonija,,Skopje,,library,,,State Archives of North Macedonia,,41.9968185,21.4343486
Gradska Biblioteka Ilinden,,Delchevo,,library,,,City Library Ilinden,,41.9663875,22.772984
Vardarski Rid,,Gevgelija,,archaeological_site,,,Vardar Hill,,41.1485732,22.5217936
Carevi Kuli,,Strumica,,archaeological_site,,,Czar’s Towers,,41.4324514,22.6300225
11 Oktomvri 1941,,Prilep,,museum,,,October the 11th 1941,,41.345014,21.5523595
Iljada knigi,,Skopje,,library,,,,,41.9946963,21.4354639
Drugarche,,Skopje,,library,,,Drugarche,,42.0036192,21.4004515
Rimska cisterna,,Resen,,archaeological_site,,,Roman Cistern,,40.8681483,20.9904397
Stara bazilika,,Resen,,archaeological_site,,,Old Basilica,,40.8670435,20.9887439
Spomen Kosturnica,,Veles,,museum,,,Kosturnica Memorial,,41.7233006,21.7894869
Tane Georgievski,,Kumanovo,,library,,,,Mo-Fr 07:00-19:00; Sa 07:00-15:00,42.1339256,21.7189594
Magaza,,Bitola,,museum,,,Magaza gallery,,41.0299321,21.3351247
Biblioteka „Brakja Miladinovci“,,Skopje,,library,,,"Library ""Miladinovci Brothers""",,41.9997022,21.4202484
Brakja Miladinovci,,Skopje,Виа Игнација,library,,,,,42.0064775,21.3614728
Biblioteka Fetkin,,Kavadarci,,library,,,Fetkin Library,,41.4340077,22.0124363
Heraklea Linkestis,,Bitola,,archaeological_site,,,Heraclea Lyncestis,,41.011111,21.3423417
Antichki teatar,,Ohrid,,archaeological_site,,,Ancient Theatre,,41.1146399,20.7938144
Spomen kukja na Strasho Pindzur,,Kavadarci,,memorial_house,,,Memorial house - Strasho Pindjur,,41.4184594,22.0181317
Spomen kukja na Hristo Uzunov,,Ohrid,,memorial_house,,,Memorial house of Hristo Uzunov,,41.112242,20.7958365
Skupi,,Skopje,,archaeological_site,,,Scupi,,42.0165648,21.3925592
Golema Pesh,,Gostivar,,archaeological_site,,,Golema Pesht,,41.8117124,21.1617392
Muzej Krklino,http://www.muzejkrklino.mk/en/,Bitola,,museum,,,"Auto and etno museum ""Filip""",,41.0748026,21.3299172
Muzej Galerija Kavadarci,,Kavadarci,,museum,,,Muzej Galerija Kavadarci,,41.4343634,22.0163228
Davina Kula,,Skopje,,archaeological_site,,,Davina Kula,,42.0843452,21.3548716
Banjichko Kale,,Veles,,archaeological_site,,,Banjica Fortress,,41.6952366,21.628172
Kalata,,Makedonska Kamenica,,archaeological_site,,,Kalata,,41.9856377,22.5905605
Machka kamen,,Kratovo,,archaeological_site,,,Macka kamen,,42.0853984,21.9627449
Kale,,Resen,,archaeological_site,,,Kale,,41.0043725,20.9282003
Plaoshnik,,Ohrid,,archaeological_site,,,Plaoshnik,,41.1128239,20.7908576
Isar-Marvinci,https://vici.org/vici/Idomenia,Valandovo,,archaeological_site,,,,,41.2774735,22.4937195
Zagoranski Manastir,,Prilep,,monastery,,,Monastery of Zagorani,,41.2582891,21.4232584
Tumba Madzari,,Skopje,,archaeological_site,,,Tumba Madzhari,,42.0014931,21.5054395
beranechki Manastir,,Bitola,,monastery,,,Monastery of Beranci,,41.1553967,21.347533
Etnoloshki muzej,,Resen,,museum,,,Ethnographic museum,,41.0240503,21.0506131
Devini Kuli,,Makedonski Brod,,archaeological_site,,,Devini Kuli,,41.5417536,21.2374131
Leshok,,Tetovo,,archaeological_site,,,Leshok,,42.0675908,21.0260841
1. Brigada,,Debar,,museum,,,1 Бригада,,41.3659738,20.6486358
Bitolski Manastir,,Bitola,,monastery,,,Monastery of Bitola,,41.0430399,21.3315251
Crnobuchki Manastir,,Bitola,,monastery,,,Monastery of Crnobuki,,41.1215636,21.3353846
Loznanski Manastir,,Demir Hisar,,monastery,,,Monastery of Loznani,,41.202011,21.4003692
Kula,,Makedonski Brod,,archaeological_site,,,Kula,,41.5070505,21.2735584
Pelagon,,Prilep,,archaeological_site,,,Pelagon,,41.207884,21.6162431
Staro Bonche,,Prilep,,archaeological_site,,,Staro Bonche,,41.2066672,21.5883917
Deljadrovechki manastir,,Kumanovo,,monastery,,,Monastery of Deljadrovci,,42.0237335,21.6774932
Babo,,Prilep,,archaeological_site,,,Babo,,41.1967792,21.652119
Bay of Bones Museum,http://muzejohrid.mk/en/bay-of-bones-ohrid,Ohrid,,museum,,,,,40.9942972,20.7983138
Gradishte,,Demir Hisar,,archaeological_site,,,Gradishte,,41.2409433,21.2184749
Stibera,,Demir Hisar,,archaeological_site,,,Stibera,,41.243788,21.3975268
Treskavec,,Prilep,,archaeological_site,,,Treskavec,,41.4053138,21.5376682
Muzej na ikoni,https://www.muzejprilep.org.mk/,Prilep,,museum,,,,,41.3439193,21.558677
Begov amam,,Tetovo,,museum,,,Bey's Hamam,,42.0062618,20.9673497
Rajchki Manastir,,Debar,,monastery,,,Monastery of Rajchica,,41.5147683,20.5490734
Goriche,,Demir Hisar,,archaeological_site,,,Goriche,,41.2380683,21.2008838
Peshta,,Prilep,,archaeological_site,,,Peshta,,41.0881076,21.7443349
Gradot / Markovi Kuli,,Prilep,,archaeological_site,,,Gradot / Markovi Kuli,,41.2061627,21.7183713
Berovchanski Manastir,,Prilep,,monastery,,,Monastery of Berovci,,41.2961983,21.4875646
Lavchanski Manastir,,Resen,,monastery,,,Monastery of Lavci,,41.0482813,20.9685195
Dunjski Manastir II,,Prilep,,monastery,,,Monastery of Dunje II,,41.2203313,21.6861658
Dolni Manastirec,,Makedonski Brod,,monastery,,,,,41.6156037,21.211982
Hotel Manastir,,Berovo,,monastery,,,Manastir Hotel,,41.700628,22.8587642
Manastir Sv. Arhangel Mihail,,Berovo,,monastery,,,Monastery,,41.701039,22.859018
Manastir Sv. Andrej,,Skopje,,monastery,,,Monastery St. Andrej,,41.9505936,21.2991931
Gorni Manastirec,,Makedonski Brod,,monastery,,,,,41.6248684,21.1885284
Manastir Sv. Nikola,,Demir Kapija,,monastery,,,Monastery St. Nicholas,,41.3831513,22.2878614
Manastir Svetka Petka,,Skopje,,monastery,,,,,42.0594793,21.509645
Manastir Sv. Bogorodica Eleusa,,Strumica,,monastery,,,Monastery of the Mother of God Eleusa,,41.4748537,22.5651714
Manastir Sv. Leontij,,Strumica,,monastery,,,St. Leontius Monastery,,41.4505759,22.5902413
Manastir Sveti Ilija,,Veles,,monastery,,,Monastery of Saint Ellyah,,41.812649,21.6647825
Sv.Petar i Pavle manastirche,,Resen,,monastery,,,St.Piter and Paul church,,41.0830455,21.0306352
Hotel Manastir Sveti Stefan,,Ohrid,,monastery,,,Hotel Monastery Sveti Stefan,,41.0737427,20.8042065
Manastirche,,Bitola,,monastery,,,Manastirche,,41.1019788,21.5221046
Markov Manastir,,Skopje,,monastery,,,Marko's Monastery,,41.8933367,21.4023539
Manastir „Sveti Naum“,,Ohrid,,monastery,,,Monastery of Saint Naum,,40.9139505,20.7406423
Manastir Sv. Joakim Osogovski,,Kriva Palanka,,monastery,,,Monastery of St. Joakim Osogovski,,42.208794,22.3623436
Manastirsko parkiralishte,,Probishtip,,monastery,,,Monastery Parking,,42.0125072,22.2268262
Lesnovski manastir,,Probishtip,,monastery,,,Lesnovo Monastery,,42.0132986,22.2284115
Manastir Sv. Bogorodica,,Skopje,,monastery,,,St. Holy Mother of God Monastery,,42.1255318,21.4283099
Manastir Sveta Petka,,Ohrid,,monastery,,,Saint Petka Monastery,,41.1291432,20.8400056
Crkva „Sv. Arhangel Mihail“,,Tetovo,,church,,,St. Michael the Archangel Church,,42.062585,21.1211964
Crkva „Sveti Nikola“,,Sveti Nikole,,church,,,"Church ""Saint Nicholas""",,41.8662947,21.9423391
Stara Crkva,,Prilep,,church,,,Stara Crkva,,41.3436481,21.5583497
Crkva Rozhdestvo na Presv. Bogorodica,,Berovo,,church,,,Nativity of the Theotokos Church,,41.706763,22.8570672
Crkva Sveta Petka,,Ohrid,,church,,,Saint Petka Church,,40.9131005,20.7415162
Crkva Sv. Gjorgjija,,Ohrid,,church,,,St. Gjorgjija Church,,41.1175675,20.813755
Crkva „Sv. Velikomachenik Georgij“,,Skopje,Ѓорѓи Капчев,church,,,,,41.9783403,21.496101
Crkva „Sv. Nedela“ - Tenovo,,Gostivar,,church,,,,,41.8829405,20.9917833
Evagelistichka Metodistichka Crkva,,Skopje,,church,,,,,41.9964602,21.4236374
Crkva „Sv. Petar“,,Resen,,church,,,St. Peter's Church,,40.8698069,20.9881982
Crkva „Sv. Dimitrij“,,Resen,,church,,,St. Demetrius,,40.8687081,20.9883511
Makedonska pravoslavna crkva – Ohridska arhiepiskopija,,Ohrid,,church,,,Macedonian Orthodox Church – Ohrid Archbishopric,,41.1138878,20.7958716
"Peshterna Crkva ""Sv. Bogorodica"" - Kalishta",,Struga,,church,,,"Cave Church ""Holy Mother of God"" - Kalishta",,41.144784,20.6501829
"Crkva ""Presveta Bogorodica""",,Gostivar,,church,,,"Church ""Тhe Blessed Mother of God""",,41.7931877,20.9110485
"Crkva ""Sveti Gjorgjija""",,Gostivar,,church,,,"Church ""Saint George""",,41.792018,20.8780469
"Crkva ""Sveti Nikola""",,Gostivar,,church,,,"""Saint Nicolas"" Church",,41.7581011,20.8788086
"Crkva ""Sv. Jovan Krstitel""",,Gostivar,,church,,,"""John the Baptist"" Church",,41.7333448,20.8284355
"Crkva ""Sv. Nikola""",,Gostivar,,church,,,"""Saint Nicolas"" Church",,41.7219181,20.8445763
"Crkva ""Sv. Bogorodica""",,Gostivar,,church,,,"""Saint Mother of God"" Church",,41.7045474,20.8444402
Crkva Sv. Atanasij,,Tetovo,Маршал Тито,church,,,,,41.9662208,20.9814533
Crkva Sveti Nikola - Gerakomija,,Ohrid,,church,,,Church of St. Nicholas - Gerakomija,,41.1123573,20.7948345
Crkva „Sv. Atanasij“,,Tetovo,,church,,,,,41.9054326,20.9624042
Crkva „Sv. Nikola“,,Tetovo,,church,,,,,41.8949135,20.9839342
Crkva Sv. Konstantin i Elena,,Skopje,,church,,,Church of St. Constantine and Helen,,41.9933752,21.430813
Toshev Manastir,,Krushevo,,monastery,,,Toshe's Monastery,,41.4083235,21.2204305
Manastir Sv. Ilija,,Skopje,,monastery,,,Monastery of St. Elijah,,42.0855825,21.4098688
Manastir Dobra Voda,,Kochani,,monastery,,,Monastery Dobra Voda,,41.9380352,22.4597043
Kukjata na Mantovi,,Prilep,,archaeological_site,,,House of Mantov,,41.3553603,21.5404478
Manastir Ragjanje na Presveta Bogorodica,,Makedonski Brod,,monastery,,,Monastery Birth of the Holly Mother,,41.6261597,21.1943195
Stroshki Manastir / Strovjanski Manastir,,Makedonski Brod,,monastery,,,Monastery of Strovja,,41.5688988,21.4084321
Nov Selechki Manastir,,Prilep,,monastery,,,New monastery of Selce,,41.3221933,21.5607907
Bareshanski Manastir,,Bitola,,monastery,,,Monastery of Bareshani,,40.9522315,21.3505556
Beshishte-Manastir,,Prilep,,monastery,,,Beshishte-Manastir,,41.1748959,21.7355858
Polchishki Manastir,,Prilep,,monastery,,,Monastery of Polchishte,,41.1364736,21.8061421
Dunje-Manastir,,Prilep,,monastery,,,Dunje-Manastir,,41.2074131,21.7002362
Prisadski Manastir,,Prilep,,monastery,,,Monastery of Prisad,,41.4286124,21.6203108
sv. Trojica,,Skopje,,monastery,,,Sv. Trojitca,,42.1028018,21.3781601
Krushevica-Manastir,,Prilep,,monastery,,,Krushevica-Manastir,,41.194657,21.6893066
Belovodichki Manastir,,Prilep,,monastery,,,Monastery of Belovodica,,41.3404219,21.6896482
Manastir-Polchishte,,Prilep,,monastery,,,Manastir-Polchishte,,41.2050939,21.7238717
Pashinoruvchanski Manastir,,Prilep,,monastery,,,Monastery of Pashino Ruvci,,41.2714521,21.3901052
Manastir-Chanishte,,Prilep,,monastery,,,Manastir-Chanishte,,41.1711113,21.7067477
Brailovski Manastir,,Prilep,,monastery,,,Monastery of Brailovo,,41.4669708,21.4620626
Buchinski Manastir,,Demir Hisar,,monastery,,,Monastery of Buchin,,41.2743878,21.2922042
Manastir Sv. Pantelejom,,Kochani,,monastery,,,Monastery St. Panteleimon,,41.9683426,22.3097693
Manastir Sv. Arhangeli,,Skopje,,monastery,,,Monastery St Archangels,,42.1321849,21.4141076
Dunjski Manastir I,,Prilep,,monastery,,,Monastery of Dunje I,,41.247224,21.6691195
Manastir Sv. Hristofor,,Bitola,,monastery,,,Monastery St. Christopher,,40.9884145,21.3413763
Pisokalski Manastir,,Prilep,,monastery,,,Monastery of Pisokal,,41.2487073,21.6078445
Manastir „Sveti Naum,,Ohrid,,monastery,,,The Monastery of Saint Naum,,40.9138479,20.7406601
Krushevichki Manastir,,Prilep,,monastery,,,Monastery of Krushevica,,41.1975791,21.6702039
Manastir Sv. Petka,,Shtip,,monastery,,,Monastery St. Paraskevi,,41.7890727,22.3276385
Krushevski Manastir,,Krushevo,,monastery,,,Monastery of Krushevo,,41.3568797,21.2659215
Manastir Karpino,,Kratovo,,monastery,,,,,42.1770122,21.993118
Svetotodorski Manastir,,Demir Hisar,,monastery,,,,,41.2211194,21.3290156
Mémorial de Bitola,,Bitola,,museum,,,,,41.0410861,21.3586054
Goce Delchev Memorial House,,Bitola,,museum,,,,,41.0268954,21.3322074
Crkva sv.Jovan Krstitel,,Vinica,,church,,,,,41.8672643,22.481858
Crkva „Sv. Nikola“ - Tenovo,,Tetovo,,church,,,,,41.8948781,20.9840677
Orevoechki manastir,,Prilep,,monastery,,,,,41.3665814,21.5983235
St. Giorgi Monastery,,Makedonski Brod,,monastery,,,,,41.6347942,21.4024749
Starohristijanska bazilika,,Resen,,archaeological_site,,,,,40.868899,20.9907631
Rimska Kukja,,Resen,,archaeological_site,,,,,40.8685852,20.9909227
Rimska kukja,,Resen,,archaeological_site,,,,,40.8692875,20.990465
Ranohristijanska bazilika,,Resen,,archaeological_site,,,,,40.8692252,20.9910802
Manastirski Potok,,Prilep,,monastery,,,,,41.3913343,21.5504264
Crkva „Sv. Grigorij Palama i Dimitrij“,,Strumica,,church,,,,,41.4368801,22.6441036
Bela Crkva - Vogjani,,Krushevo,,church,,,,,41.2849923,21.350523
Bela Crkva - Obrshani,,Krushevo,,church,,,,,41.2758859,21.3566761
Isar / Idomenae,,Valandovo,,archaeological_site,,,,,41.2775784,22.4937679
D-r Nikola Nezlobinski,,Struga,,museum,,,,,41.1805738,20.6776078
Protestantska crkva,,Strumica,,church,,,,,41.4164588,22.7503838
Bela Crkva - Pashino Ruvci,,Demir Hisar,,church,,,,,41.2615529,21.3610561
Konjuh,,Kratovo,,archaeological_site,,,,,42.1003011,21.9665342
Bargala,,Shtip,,archaeological_site,,,,,41.7995125,22.289829
Roman Bathhouse,,Strumica,,archaeological_site,,,,,41.3825161,22.7542141
Museum of Galichnik's cultural heritage,,Debar,,museum,,,,,41.5939237,20.652723
Bela Crkva - Trnovci,,Demir Hisar,,church,,,,,41.2514072,21.3625045
Bela Crkva - Buchin,,Demir Hisar,,church,,,,,41.2736831,21.3361759
Museum Strumica,,Strumica,,museum,,,,,41.4354106,22.6364291
Vardarski Rid,,Gevgelija,,museum,,,,,41.1488082,22.5220207
House of Lambeski,,Ohrid,,museum,,,,,41.1123275,20.7970433
Crkva Sv. Kuzman i Damjan - Triangla,,Skopje,,church,,,,,41.9987378,21.4924274
Crkva „Sv. Dimitrij“ - Rimska cisterna,,Resen,,church,,,,,40.8690215,20.9898282
Makedonium,,Krushevo,,museum,,,,,41.377408,21.2483714
Crkva „Rozhdestvo na Presveta Bogorodica“ - Novo Lisiche,,Skopje,,church,,,,,41.9858681,21.4684081
Bilazora - Water Reservoir,,Sveti Nikole,,archaeological_site,,,,,41.8497337,21.9099884
Crkvishte,,Tetovo,,archaeological_site,,,,,42.156669,21.1838994
Crkva Sv. Petka,,Makedonski Brod,,church,,,,,41.5618318,21.1908022
"Muzeu ""Dëshmorët e kombit""",,Kumanovo,,museum,,,,,42.1791177,21.620378
Naroden Muzej,,Sveti Nikole,,museum,,,,,41.8650267,21.9419067
Loven Dom,,Kochani,,museum,,,,,41.9151239,22.4137918
Crkva Rozhdestvo na Presveta Bogorodica i Sveta Petka,,Ohrid,,church,,,,,41.1110018,20.7889594
Archaeological site of Mancevci,,Ohrid,,archaeological_site,,,,,41.1128228,20.7934836
"Pravoslavna crkva ""Sveti Ilija""",,Radovish,,church,,,,,41.6444402,22.4565993
Crkva Presveta Bogorodica,,Skopje,,church,,,,,41.9963028,21.4405383
Church,,Struga,,church,,,,,41.3236049,20.7929425
Crkva sv. Jovan,,Kriva Palanka,,church,,,,,42.2903563,22.0423694
Sv. Blagoveshtenie,,Ohrid,,church,,,,,41.05924,20.8033957
Ss. Cyril and Methodius – Crkva Sv.Kiril i Metodij,,Gostivar,,church,,,,,41.7031608,20.7595909
Katolichka crkva,,Strumica,,church,,,,,41.4350382,22.6401158
Crkva Sv. Nikole,,Gostivar,,church,,,,,41.6645167,20.7334014
Crkva „Rozhdestvo na Presveta Bogorodica“,,Skopje,,church,,,,,41.9769543,21.408415
Manastir Sv. Petka s. Brodec,,Gostivar,,monastery,,,,,41.7638571,20.6723095
Geoglif Sv. Nikole,,Sveti Nikole,,archaeological_site,,,,,41.8291201,21.9566168
Muzej na NOV,,Krushevo,,museum,,,,,41.3756055,21.2457367
Roman & Ottoman Bathouse,,Strumica,,archaeological_site,,,,,41.382463,22.7538513
Crkva Sv. Nikol,,Gostivar,,church,,,,,41.6936732,20.723677
Crkva „Sv. Dimitrij“ - Stara bazilika,,Resen,,church,,,,,40.867842,20.9884912
Rimska crkva,,Skopje,,church,,,,,42.0586697,21.3527926
Crkva „Sv. Petar“ - Crkva „Sv. Dimitrij“,,Resen,,church,,,,,40.8692172,20.9884845
Pristanishte „Sv. Petar“ - Crkva „Sv. Petar“,,Resen,,church,,,,,40.870709,20.9882511
Pateka do manastir Sv. Gjorgji (Knezhino),,Kichevo,,monastery,,,,,41.5123988,20.9223724
Manastir Sv. Nedela,,Struga,,monastery,,,,,41.2177834,20.6942012
Museum of Wine,,Demir Kapija,,museum,,,,,41.4085959,22.2447656
Adventist Church,,Strumica,,church,,,,,41.3777779,22.8136094
Evangelic-Methodist Church,,Strumica,,church,,,,,41.3810101,22.8122003
Crkva Sv.Tripun,,Skopje,,church,,,,,42.0608563,21.3158452
El Kalem,,Skopje,,museum,,,,,41.9869509,21.2876554
Antigona,,Negotino,,archaeological_site,,,,,41.503403,22.1002903
Crkva Sv. Gjorgi,,Bogdanci,,church,,,,,41.2194372,22.7063951
Evangelska crkva Struga,,Struga,,church,,,,,41.1757351,20.6757298
Muzej Shtip,,Shtip,,museum,,,,,41.7366515,22.1897425
Bezisten Shtip,,Shtip,,museum,,,,,41.7375479,22.1926992
Bilazora,,Sveti Nikole,,archaeological_site,,,,,41.8471851,21.9124237
Kokino,,Kumanovo,,archaeological_site,,,,,42.2633818,21.953118
Muzej na Dojran,,Bogdanci,,museum,,,,,41.1871817,22.7221034
Gevgeliski manastir,,Gevgelija,,monastery,,,,,41.1391957,22.510763
Manastir Sveti Jovan,,Veles,,monastery,,,,,41.8286581,21.6894737
Manastirska peshtera,,Skopje,,monastery,,,,,41.9610975,21.2961533
Stanica “Muzej“,,Shtip,,museum,,,,,41.7365081,22.1909377
Manastir Sveta Bogorodica,,Veles,,monastery,,,,,41.8289199,21.6864385
Muzej na Sovremena Umetnost T,,Skopje,,museum,,,,,42.0040991,21.4338483
Museum Teracotta,,Vinica,,museum,,,,,41.8841902,22.5049622
Suldurechki Manastir,,Radovish,,monastery,,,,,41.5806571,22.4832063
Manastir Sv. 40 Machenici,,Skopje,,monastery,,,,,42.0609829,21.3489729
Bistrichki Manastir,,Bitola,,monastery,,,,,40.9799697,21.3555821
Manastir Sv. Spas,,Kavadarci,,monastery,,,,,41.445737,21.9811109
Kostoperska Karpa,,Kumanovo,,archaeological_site,,,,,42.1706665,21.809838
Crkva „Preobrazhenie“,,Kochani,,church,,,,,41.914783,22.4255487
Crkva Sv. Teodor Tiron,,Tetovo,,church,,,,,42.0513253,21.114665
Gradska Biblioteka,,Kriva Palanka,,library,,,,,42.2055718,22.3361557
Chebrenski Manastir,,Prilep,,monastery,,,,,41.1327147,21.6799095
Manastir Sv.Ilija Petti Kladenci,,Kratovo,,monastery,,,,,42.0559851,21.9893707
Manastir Sv. Arhangjel Gavril,,Skopje,,monastery,,,,,41.8850058,21.5837692
Gjurishki Manastir,,Sveti Nikole,,monastery,,,,,41.9030359,21.8375887
Kongresi i Manastir,,Tetovo,,monastery,,,,,42.0130517,20.9695193
Bus to St. Naum Monastery,,Ohrid,,monastery,,,,,41.1161648,20.803939
Manastirche,,Makedonski Brod,,monastery,,,,,41.52037,21.1211002
Manastir Svetog Ilije,,Ohrid,,monastery,,,,,41.1334664,20.8473582
Manastir Sv. Gjorgji,,Radovish,,monastery,,,,,41.6453272,22.5091471
Pat za Manastir kon-Zelenikovo,,Skopje,,monastery,,,,,41.8859326,21.587666
Manastir „Sv. Petka“ - Creshevo,,Skopje,,monastery,,,,,42.0556357,21.5104602
manastir sv.Ilija - Snegovo,,Bitola,,monastery,,,,,41.0679251,21.309226
Sveta Nedela,,Shtip,,monastery,,,,,41.7503884,22.2211631
Matka - Manastir kon centar,,Skopje,,monastery,,,,,41.9609655,21.2962887
Manastir Sv. 15 Machenici,,Strumica,,monastery,,,,,41.4300424,22.6409328
Sv. Bogorodica Balaklija - manastir,,Delchevo,,monastery,,,,,41.9659677,22.7595526
Manastir Sveta petka,,Resen,,monastery,,,,,41.0518754,21.1673647
Pat za Manastir kon-Centar,,Skopje,,monastery,,,,,41.8861109,21.5877187
City Library,,Vinica,,library,,,,,41.8840704,22.5047369
Manastir Sv. Gjorgjija,,Skopje,,monastery,,,,,42.0690911,21.3001786
Fakultetska biblioteka i kompjuternica,,Skopje,,library,,,,,42.0029542,21.4587079
Biblioteka “Goce Delchev“,,Shtip,,library,,,,,41.7358729,22.1946584
Spomen kukja Toshe Proeski,,Krushevo,,memorial_house,,,,,41.3744382,21.2462721
Golema Kula - Kuchkovo,,Skopje,,archaeological_site,,,,,42.0587494,21.2786993
Mala Kula - Kuchkovo,,Skopje,,archaeological_site,,,,,42.0585741,21.2844339
Gradiste kaj s.Brazda,,Skopje,,archaeological_site,,,,,42.0766913,21.398848
Lihnid,,Ohrid,,archaeological_site,,,,,41.1155576,20.7914836
Evangelska Kongreshanska Crkva,,Skopje,,church,,,,,41.9983498,21.4149028
Novoapostolska crkva,,Skopje,,church,,,,,42.0035924,21.3873308
Crkva Sv. Varvara,,Struga,,church,,,,,41.2470654,20.5941789
Katolichka Crkva Sv.Kiril i Metodij,,Bogdanci,,church,,,,,41.2014162,22.5778027
Max van der Stoel,,Tetovo,,library,,,,,41.9867327,20.9599279
Manastir „Sveti Dimitrija“,,Veles,,monastery,,,,,41.7019073,21.7912101
Beli Mugri,,Veles,,library,,,,,41.7180637,21.7782985
Crkva „Hristos Spasitel“,,Skopje,,church,,,,,42.007345,21.3916443
St. Dimitri's Church,,Bitola,,church,,,,,40.9486199,21.59809
Pravoslavna crkva „Sveta Troica“,,Skopje,,church,,,,,41.9920395,21.4643808
Grigor Prlichev,,Ohrid,,library,,,,,41.1126552,20.8006399
Crkva Sv. Nikola,,Tetovo,,church,,,,,42.0456074,21.1380078
Crkva Sveti 40 Sevastiski Machenici,,Ohrid,,church,,,,,41.1130601,20.7941559
Crkva Sv. Nikola Leten,,Gostivar,,church,,,,,41.6600947,20.7354855
